Metric,Value
MSE,1.7330451011657715
RMSE,1.3164517086341494
MAE,0.9818783402442932
R²,0.8559597730636597
