,precision,recall,f1-score,support
Easy,0.7142857142857143,0.7692307692307693,0.7407407407407407,26.0
Hard,0.7272727272727273,0.6666666666666666,0.6956521739130435,24.0
accuracy,0.72,0.72,0.72,0.72
macro avg,0.7207792207792207,0.717948717948718,0.7181964573268921,50.0
weighted avg,0.7205194805194804,0.72,0.719098228663446,50.0
