Model,Resource,Avg_Reward
MLP,More,-2.59156494140625
MLP,Less,-6.307474365234375
RF,More,-2.232281494140625
RF,Less,-6.6667578125
