Model,t_statistic,p_value
MLP,8.62551971899361,2.068078721268142e-15
RF,11.226939160354895,7.612072697672567e-23
