Metric,Value
MSE,1.229450356686308
RMSE,1.108805824608758
MAE,0.8382483301412867
R²,0.8978155477058712
