Metric,Value
MSE,1.4833762645721436
RMSE,1.217939351762699
MAE,0.9117624759674072
R²,0.8767107725143433
